4096,256,160,
0.09424255,-0.00744697,-0.23850836,
0.008238114,-0.1528096,-0.09280788,
-0.03581567,-0.010098061,-0.096215315,
0.09027327,-0.10668482,-0.1420702,
0.07605136,-0.11280558,-0.18819533,
0.0036713853,-0.12025958,-0.11585575,
0.00932584,-0.07402676,-0.233956,
-0.094634734,-0.17924008,-0.1582065,
-0.098734915,-0.14853996,-0.09826135,
-0.0761168,-0.027535882,-0.21301295,
-0.045718003,0.025912847,-0.09253789,
0.08226117,-0.03120787,-0.1202233,
0.030147381,-0.0037740616,-0.21553984,
0.027711399,-0.035858177,-0.079020776,
-0.046592306,-0.10583053,-0.20090573,
0.014624178,-0.028164756,-0.23285753,
-0.09261501,-0.1420096,-0.14388256,
-0.035541855,-0.14910093,-0.16539979,
0.07021818,-0.15776692,-0.12819767,
0.066911735,-0.10793707,-0.095391214,
0.061622746,-0.19983858,-0.1096391,
-0.037624825,-0.13917187,-0.2192511,
-0.08235103,-0.06431358,-0.15875652,
0.03138102,-0.036141455,-0.20089038,
0.02421572,-0.13121748,-0.07492662,
0.0010326505,-0.11077745,-0.22467549,
0.080480345,0.007254534,-0.18851529,
0.027713023,-0.19423412,-0.15244001,
0.035455175,-0.003136591,-0.12980266,
-0.0941216,-0.12348734,-0.22937742,
0.024318002,-0.15485533,-0.17632698,
-0.06544837,-0.20873708,-0.25488222,
0.041688256,-0.12517972,-0.07768342,
0.040371977,-0.13410735,-0.064499505,
0.0052267164,-0.19933623,-0.08757421,
-0.048690032,-0.10135023,-0.066715874,
-0.04848335,-0.22842899,-0.22096346,
-0.096472524,-0.17645605,-0.1017863,
0.093284674,-0.13326257,-0.23800628,
-0.03187803,-0.16839258,-0.05369489,
-0.090865865,-0.08255644,-0.0982536,
0.07887445,-0.18232095,-0.13114695,
0.040282227,-0.08913291,-0.18244939,
0.05872976,-0.154722,-0.106507905,
-0.068519026,-0.112316094,-0.18943442,
-0.049277008,-0.16093484,-0.097729,
-0.012023687,-0.020760605,-0.05342095,
-0.067067005,-0.04029542,-0.14816676,
0.045011155,-0.11547158,-0.08639753,
0.096799426,-0.14398524,-0.16813825,
0.013300322,-0.17666213,-0.1941757,
-0.08984917,-0.21057738,-0.08443536,
0.027369924,-0.09137089,-0.14925015,
-0.009971522,-0.13030426,-0.13746624,
0.028414272,-0.15412852,-0.15697813,
0.062449418,-0.18142089,-0.14018884,
0.017171904,-0.1374304,-0.12611172,
-0.030670464,-0.19098224,-0.12910785,
-0.062717944,-0.12901928,-0.23321176,
0.07348067,-0.19286479,-0.09855681,
0.08748629,-0.050610412,-0.25453234,
0.058243178,-0.14132158,-0.1434824,
-0.059472848,-0.10168073,-0.19491115,
0.059202798,-0.099761136,-0.24360679,
-1.6590208E-4,-0.14946188,-0.21006238,
-0.024886727,-0.19378044,-0.2624753,
0.0737145,-0.17364264,-0.16657558,
0.07767094,-0.18017791,-0.10294856,
-0.04213475,-0.05490717,-0.15806372,
0.05914416,-0.048199866,-0.26130804,
-0.038868845,-0.10706557,-0.13055205,
-0.060111046,-0.20442156,-0.23669,
0.08391852,-0.053221583,-0.1379349,
-0.031715,-0.13443765,-0.11431279,
0.020910844,-0.042385034,-0.070403606,
-0.06638646,-0.17714229,-0.19128308,
0.046007432,8.201114E-4,-0.22093447,
-0.061460543,-0.115673505,-0.12864651,
0.024414025,0.0034432763,-0.24126808,
0.039638378,-0.1233396,-0.06384363,
-0.005821012,-0.08180978,-0.15817192,
-0.053438663,-0.20266616,-0.20598625,
-0.097295396,-0.19657768,-0.13258037,
-0.0013758764,-0.116162054,-0.16456372,
-0.07145908,-0.19835939,-0.2536616,
-0.0794992,-0.15889987,-0.11008929,
0.01845397,-0.14469583,-0.25235814,
0.059767477,-0.047392257,-0.09372439,
0.04955601,-0.19329071,-0.07714908,
0.09586448,-0.08489016,-0.25616446,
-0.05152899,-0.11275183,-0.15378737,
-0.015065551,-0.093465194,-0.24022374,
0.04559139,-0.10208332,-0.092634514,
-0.07287904,-0.19195032,-0.22804965,
-0.080749705,-0.13026917,-0.122013204,
0.008357599,-0.08886163,-0.18638974,
0.09244386,-0.153155,-0.10640527,
0.021024287,-0.18531822,-0.20030582,
0.027518548,-0.123479865,-0.10205578,
0.06827889,-0.06644781,-0.25283352,
-0.0079770535,-0.1300222,-0.07951546,
-0.051133085,-0.11535061,-0.23079658,
-0.015061997,-0.035109382,-0.272338,
0.07929797,-0.050124783,-0.22109993,
0.008068755,-0.016955413,-0.2285769,
-0.017537236,-0.10559959,-0.2623374,
0.029214583,-0.10598028,-0.11362442,
-0.060425878,-0.14910087,-0.29400122,
0.08934463,-0.045353018,-0.23802459,
-0.041422594,-0.13489623,-0.14576904,
-0.075696245,-0.17683206,-0.1934614,
-0.057032693,-0.07171826,-0.07355587,
-0.043066848,-0.11806161,-0.179563,
-0.049633957,-0.1645012,-0.22134075,
-0.0352216,-0.13599712,-0.23589213,
0.06085553,-0.24666078,-0.19093205,
0.001960799,-0.18577883,-0.24458401,
-0.030620873,-0.19636464,-0.10437558,
0.041415848,-0.14108402,-0.10815692,
-0.019481562,-0.20648515,-0.06983233,
-0.048710357,-0.18032083,-0.23743263,
-0.039299276,-0.17361632,-0.21461481,
-0.092503764,-0.04469944,-0.2422287,
-0.06395243,-0.08602012,-0.21378136,
-0.05242398,0.0119939465,-0.27641043,
0.025272988,-0.04170488,-0.17516261,
0.002126351,-0.03933528,-0.11395931,
0.083769046,-0.21076302,-0.28921875,
-0.0791349,-0.0533806,-0.19404377,
0.0115324855,-0.02508392,-0.24333195,
-0.014817491,-0.124106005,-0.15539494,
0.087809615,-0.024332603,-0.12384689,
-0.05605196,-0.09266679,-0.14779636,
0.08286821,-0.04218685,-0.21183293,
0.06839881,-0.07810168,-0.10678448,
-0.036009178,-0.018059354,-0.19211298,
-0.06643597,-0.1588627,-0.20981115,
-0.026542917,-0.012248375,-0.19128008,
-0.00796783,-0.10545664,-0.16099204,
0.04361289,-0.004654171,-0.2526448,
-0.06718457,0.009471486,-0.23461752,
0.09371848,-0.14780746,-0.1902329,
0.002860047,-0.0827922,-0.1395346,
0.065428086,-0.18718171,-0.09927341,
-0.03636249,-0.20347008,-0.24001706,
-0.095444955,-0.20622642,-0.13087136,
-0.0034209043,-0.08837135,-0.23563658,
-0.022632197,-0.19336212,-0.14287052,
-0.07329104,-0.19152965,-0.2141834,
-0.071058705,-0.16633588,-0.19721843,
-0.041329812,0.014868929,-0.22522083,
-0.03683331,-0.1188389,-0.10811254,
-0.06718755,-0.10182749,-0.17817828,
-0.041867137,-0.19463325,-0.14598118,
-0.011703804,0.009207991,-0.06365602,
-0.072664276,-0.14834163,-0.15626617,
-0.06451112,-0.15210935,-0.08978791,
-0.09872224,-0.0324026,-0.10575626,
-0.06124976,-0.14317101,-0.24204561,
-0.059987903,-0.085920915,-0.14820693,
0.08913288,-0.17783405,,
-0.049384654,-0.035997488,,
-0.072557345,-0.017787524,,
-0.083277546,-0.14015979,,
-0.05316725,-0.14882116,,
-0.06552312,-0.15014777,,
0.033601664,0.019425249,,
0.08332557,-0.06812955,,
-0.06622629,-0.030434303,,
0.017305158,-0.0049298285,,
-0.058915567,-0.1455143,,
0.040265538,-0.13818541,,
0.05853183,-0.11788822,,
-0.094134785,-0.08987052,,
0.02839806,-0.057762913,,
-0.07969429,-0.12925158,,
0.057844542,-0.053373266,,
0.025327079,-0.20006941,,
0.04278455,-0.07277735,,
0.048291065,-0.10902842,,
-0.009663895,-0.08719887,,
-0.054811444,-0.19808862,,
-0.09227587,-0.09086505,,
-0.081007816,-0.17845955,,
0.009209238,-0.08469993,,
-0.06407371,-0.026075337,,
0.044279464,-0.06125984,,
-0.04087014,-0.09339097,,
0.039221622,-0.039608557,,
-0.08871006,-0.122860245,,
0.08028249,-0.17205098,,
-0.077692844,-0.032790836,,
0.073599786,-0.16302325,,
-0.08761257,-0.019422017,,
0.07452423,-0.01115875,,
-0.038556866,-0.05290731,,
0.08433255,-0.11746143,,
0.0879105,-0.030683987,,
-0.003920287,-0.094581425,,
-0.046264503,-0.060736418,,
0.024844903,0.0019176196,,
0.05522065,-0.19191866,,
-0.07515902,-0.11050622,,
-0.07005133,-0.010577254,,
0.096504696,-0.12743752,,
-0.059099976,0.022539899,,
0.035078846,-0.054064207,,
0.0358087,-0.1359588,,
0.07567742,-0.16037872,,
0.012767355,-0.06996345,,
0.09836935,-0.14007628,,
0.07111257,-0.21888657,,
-0.03789881,-0.2203,,
-0.03872795,-0.19578329,,
-0.09109846,-0.064212896,,
0.096266195,-0.15267965,,
0.04384881,-0.14777663,,
-0.036550153,-0.12994699,,
-0.04193034,-0.1041443,,
-0.060012605,-0.07831332,,
0.09211779,-0.029559331,,
-0.017807161,-0.14814648,,
-0.063679375,-0.15212116,,
-0.09801816,-0.22946675,,
-0.06288161,-0.039030705,,
-0.005389229,-0.099381305,,
-0.06075911,-0.011889886,,
-0.075281,-0.10562939,,
0.0548421,-0.17360994,,
-0.097572014,-0.08841426,,
0.02816267,-0.09130171,,
0.056758683,-0.020682534,,
-0.043355998,-0.04729364,,
-0.086292766,-0.012201125,,
0.02118864,-0.011327047,,
0.08247911,-0.17548126,,
-0.056191426,0.024280265,,
0.07506336,-0.14873528,,
0.048956595,-0.085447505,,
0.026892148,-0.16884045,,
-0.08014582,-0.17668493,,
0.01887261,-0.07776308,,
-0.062845826,-0.015100072,,
-0.071326666,-0.08168758,,
-0.02669225,-0.17924777,,
-0.072601445,-0.07608926,,
0.010397763,-0.031934097,,
-0.082827576,-0.20484428,,
-0.08832834,-0.104850724,,
-0.07120643,-0.019600403,,
-0.0578667,-0.07843895,,
0.030365502,-0.122844934,,
0.07874586,-0.15923272,,
0.066234134,-0.031038754,,
0.095168106,-0.15047072,,
-0.09030346,-0.12816869,,
-0.012267783,,,
0.026093014,,,
-0.04415841,,,
0.03611595,,,
0.092780165,,,
-0.007127404,,,
0.010583594,,,
0.09971423,,,
-0.026796043,,,
0.0035497174,,,
-0.04914404,,,
0.085740335,,,
-0.034244314,,,
0.00272806,,,
0.027287759,,,
-0.085282825,,,
0.02796743,,,
0.019259475,,,
-0.03409215,,,
-0.012904488,,,
-0.09549832,,,
0.076960914,,,
0.071382664,,,
-0.012837186,,,
0.08171602,,,
0.06459596,,,
0.0899361,,,
-0.07881238,,,
0.014372729,,,
-0.013123989,,,
0.0070953593,,,
0.06605858,,,
0.081868134,,,
-0.07203189,,,
-0.01535733,,,
-0.057360437,,,
0.046903364,,,
0.026603825,,,
-0.02764517,,,
0.09899435,,,
0.042674012,,,
-0.0022859722,,,
-0.008399688,,,
-0.020547152,,,
-0.020944454,,,
-0.03445156,,,
-0.08891799,,,
-0.0062667727,,,
-0.06433968,,,
0.08907425,,,
0.0045335665,,,
0.0041644573,,,
-0.02007471,,,
-0.030684926,,,
0.08369354,,,
-0.02273728,,,
-0.08043697,,,
-0.09696155,,,
0.07821519,,,
-0.052085843,,,
0.05690647,,,
-0.023694515,,,
-0.06873524,,,
-0.08975305,,,
0.07215742,,,
0.028961487,,,
-0.007510446,,,
-0.04039923,,,
-0.08430692,,,
-0.06310323,,,
0.018992722,,,
-0.013890423,,,
0.05690088,,,
-0.011804089,,,
0.09325553,,,
-0.02577921,,,
-0.08286617,,,
0.02309551,,,
0.091045715,,,
-0.053483594,,,
0.034063198,,,
0.08259011,,,
0.09181137,,,
0.04764604,,,
0.06883561,,,
-0.0012147278,,,
-0.06841971,,,
0.07881535,,,
0.009025633,,,
-0.04044781,,,
-0.08021556,,,
-0.060488105,,,
-0.04945432,,,
0.0041628927,,,
-0.0543468,,,
0.026030771,,,
0.099689074,,,
0.03448177,,,
0.008939251,,,
-0.018448949,,,
-0.060275223,,,
0.05268479,,,
-0.051050197,,,
0.036298193,,,
-0.09956187,,,
0.021723345,,,
0.0934769,,,
-0.044377934,,,
0.07735626,,,
-0.035178527,,,
-0.01330328,,,
-0.093835644,,,
0.02186723,,,
0.016796134,,,
0.01701013,,,
-0.07615377,,,
-0.0060807317,,,
0.0701449,,,
0.089821465,,,
-0.06903313,,,
-0.00651896,,,
0.04550726,,,
0.06721804,,,
-0.09732007,,,
-0.0984131,,,
-0.0022499934,,,
-0.07963316,,,
0.065546386,,,
0.030840911,,,
-0.050343633,,,
0.058254816,,,
-0.046585944,,,
-0.048907246,,,
0.044737972,,,
0.058363862,,,
0.019833878,,,
0.08913555,,,
-0.0856082,,,
-0.06569262,,,
0.073506065,,,
0.05034233,,,
-0.036534175,,,
0.038811482,,,
-0.033606015,,,
-0.048087146,,,
0.05887922,,,
0.077267,,,
0.016313992,,,
-0.053271424,,,
-0.05950692,,,
-0.039892484,,,
-0.079204954,,,
0.03671702,,,
-0.09020393,,,
-0.03269974,,,
0.0412165,,,
-0.013756357,,,
0.053633027,,,
-0.045780327,,,
0.07071503,,,
-0.06136663,,,
0.056266196,,,
-0.03282495,,,
0.0017661452,,,
0.079861544,,,
-0.011757471,,,
0.03408166,,,
-0.024017975,,,
0.07825073,,,
0.045200564,,,
-0.020482257,,,
-0.08356192,,,
0.031299494,,,
0.069861256,,,
0.015144035,,,
0.03928671,,,
-0.02769079,,,
0.017612018,,,
-0.039252233,,,
0.03469979,,,
-0.08985152,,,
-0.07246293,,,
-0.05429473,,,
-0.04390644,,,
0.0033091456,,,
-0.09067706,,,
-0.033743784,,,
0.010541752,,,
-0.009503782,,,
-0.059348356,,,
-0.025406659,,,
-0.0076837316,,,
-0.07138555,,,
0.04358671,,,
-0.05153438,,,
-0.07372688,,,
-0.0824514,,,
0.041786425,,,
0.034963913,,,
-0.09038772,,,
-0.05990819,,,
0.028495364,,,
-0.06727208,,,
-0.028699711,,,
0.013388693,,,
0.049145795,,,
-0.070573725,,,
-0.039309837,,,
0.062084727,,,
0.038647197,,,
0.05558849,,,
-0.0262295,,,
-0.012105085,,,
0.084280975,,,
-0.035596654,,,
0.010812737,,,
0.058529206,,,
0.00839977,,,
0.06576378,,,
-0.092623405,,,
-0.01802715,,,
-0.005665645,,,
5.778298E-4,,,
-0.09328222,,,
0.009275988,,,
-0.006864667,,,
0.06025123,,,
-0.048716735,,,
0.037638195,,,
0.04275117,,,
0.06147138,,,
-0.08953263,,,
-0.088808335,,,
-0.034682706,,,
0.05630953,,,
0.06804872,,,
-0.03687893,,,
0.058381267,,,
0.07364937,,,
-0.056723963,,,
0.061369054,,,
0.0037178174,,,
0.0846184,,,
-0.017419383,,,
-0.05895568,,,
-0.059879243,,,
0.09973901,,,
-0.056843568,,,
-0.012215078,,,
0.0070481077,,,
0.029746793,,,
0.094578035,,,
-0.08613795,,,
-0.09728005,,,
-0.030606285,,,
0.03026124,,,
-0.09299925,,,
-0.08267547,,,
0.0411288,,,
0.037576128,,,
-0.026873687,,,
-0.08089042,,,
-0.08646819,,,
-0.0049122046,,,
-0.09098735,,,
-0.026342528,,,
-0.008930857,,,
-0.09037378,,,
0.07778538,,,
0.065577425,,,
0.06362618,,,
0.07725362,,,
0.09610456,,,
-0.06625739,,,
-0.034137268,,,
0.043798137,,,
0.03159334,,,
-0.091656,,,
0.09050446,,,
0.08633415,,,
-0.06441071,,,
0.09820591,,,
-0.05805254,,,
-0.038870897,,,
-0.0391456,,,
0.08358389,,,
0.026093982,,,
0.031302996,,,
-0.07449096,,,
-0.04800096,,,
0.02103922,,,
0.054255005,,,
-0.04892255,,,
0.01760113,,,
0.036659535,,,
-0.02863008,,,
-0.08185093,,,
0.09759347,,,
0.07668567,,,
-0.0129912095,,,
0.024874577,,,
-0.089898296,,,
-0.0021943026,,,
-0.021288317,,,
0.097229704,,,
0.0957984,,,
-0.0012150458,,,
-0.03683376,,,
0.07301392,,,
0.059982605,,,
-0.041517425,,,
-0.0880715,,,
0.06399325,,,
0.05379376,,,
-0.085771926,,,
-0.082757816,,,
0.08705289,,,
-0.046964336,,,
-0.0235051,,,
-0.06014201,,,
-0.050046075,,,
-0.09703308,,,
0.008000509,,,
-0.08915758,,,
0.084279045,,,
0.048417795,,,
-0.043536328,,,
0.025867729,,,
-0.05383187,,,
0.09541457,,,
0.07301747,,,
-0.02051237,,,
0.06365317,,,
-0.09542073,,,
0.029483974,,,
0.0857196,,,
-0.08533621,,,
-0.0858299,,,
0.07648801,,,
-0.03078952,,,
-0.012004795,,,
-0.035689663,,,
0.07469567,,,
0.06609618,,,
0.030831095,,,
-0.060106985,,,
0.045881588,,,
-0.07519601,,,
-0.05381603,,,
-0.014316551,,,
0.00363518,,,
-0.04485081,,,
0.09531447,,,
0.046205427,,,
0.0504485,,,
-0.050599456,,,
-0.08019702,,,
-0.053906288,,,
0.0012056538,,,
-0.06645347,,,
0.048784673,,,
0.0065046623,,,
-0.017952349,,,
-0.060067005,,,
-0.051471792,,,
0.078002445,,,
0.05206148,,,
-0.09810317,,,
-0.07473658,,,
-0.015087008,,,
0.023335224,,,
0.0228546,,,
-0.027102191,,,
0.09526967,,,
-0.036549866,,,
0.078041084,,,
-0.013027377,,,
0.060404528,,,
-0.06670643,,,
0.06258048,,,
0.013293185,,,
0.06585285,,,
-0.053023435,,,
0.05025991,,,
-0.1001803,,,
0.08256168,,,
-0.024211675,,,
0.09712709,,,
0.044874214,,,
-0.052735887,,,
0.013169884,,,
-0.009311112,,,
-0.07488254,,,
-0.0025346223,,,
0.07091722,,,
-0.034325678,,,
-0.08493754,,,
-0.039329156,,,
-0.0019953349,,,
0.087961055,,,
0.036293566,,,
0.09524697,,,
-0.040914793,,,
-0.062082782,,,
-0.030125396,,,
-0.0948613,,,
-0.0543976,,,
0.04198694,,,
-0.005928641,,,
0.030445436,,,
0.031081714,,,
0.027424807,,,
0.049557347,,,
0.03090112,,,
0.04582565,,,
0.07546293,,,
-0.03788807,,,
-0.054516636,,,
0.004046469,,,
0.07880508,,,
0.04936573,,,
-0.016045364,,,
-0.052517388,,,
-0.030317435,,,
-0.0185822,,,
-0.013371308,,,
-0.0047620484,,,
0.053731494,,,
0.04690956,,,
0.009953946,,,
0.050567087,,,
-0.0994048,,,
-0.018180596,,,
-0.05494071,,,
-0.01255021,,,
0.010326334,,,
-0.055159938,,,
0.06309936,,,
-0.081596985,,,
-0.029859813,,,
-0.039979126,,,
0.07713008,,,
-0.037091527,,,
0.069025174,,,
-0.0029130594,,,
-0.09519991,,,
0.044608444,,,
0.05756459,,,
-0.0765713,,,
-0.036961045,,,
-0.062310558,,,
-0.010865171,,,
-0.054610074,,,
0.09416956,,,
0.059696432,,,
-0.003143641,,,
-0.03489592,,,
-0.052355196,,,
-0.07652276,,,
0.04180718,,,
-0.07440427,,,
-0.02225728,,,
0.06891904,,,
0.0787841,,,
0.015493455,,,
0.07449681,,,
-0.08790571,,,
0.0592293,,,
0.073913366,,,
-0.037634317,,,
-0.024202285,,,
-0.07953341,,,
-0.003793634,,,
0.07118817,,,
0.08438801,,,
0.061877225,,,
0.00830991,,,
-0.0756538,,,
-0.036965776,,,
-0.001160441,,,
0.09474396,,,
0.074545905,,,
0.027519267,,,
-0.07379479,,,
-0.055410843,,,
-0.051319737,,,
-0.01784802,,,
0.05356579,,,
0.06876778,,,
-0.0073778285,,,
-0.03761853,,,
-0.06531944,,,
0.06272962,,,
-0.08040486,,,
-0.0727312,,,
0.07891917,,,
0.096496046,,,
0.093851,,,
0.07702504,,,
-0.023286128,,,
-0.06415471,,,
-0.008607315,,,
-0.03490901,,,
-0.0046593393,,,
0.09267778,,,
-0.014166838,,,
-0.004459688,,,
0.010651476,,,
-0.094554655,,,
0.055882838,,,
0.028240753,,,
0.071926996,,,
0.027187215,,,
-3.6336703E-4,,,
0.013587825,,,
-0.016345639,,,
0.09123171,,,
-0.0066526392,,,
-0.012823894,,,
-0.0014211823,,,
0.0021545752,,,
-0.06716532,,,
-0.017676454,,,
-0.08549509,,,
0.01266139,,,
-0.055455364,,,
0.06568661,,,
-0.04439669,,,
0.0707032,,,
-0.08189117,,,
0.033799484,,,
0.08893073,,,
0.0119189555,,,
0.07345605,,,
0.08314356,,,
-0.086068764,,,
0.013450764,,,
0.085541055,,,
-0.094881296,,,
0.091721915,,,
-0.027128223,,,
-0.09591927,,,
0.07098376,,,
-0.08645385,,,
-0.071378924,,,
0.06285418,,,
0.042881936,,,
-0.09510794,,,
0.053756654,,,
-0.090364896,,,
-0.05945847,,,
0.014672852,,,
-0.064326175,,,
0.019958405,,,
-0.055075895,,,
-0.061868805,,,
0.069293626,,,
0.0074485517,,,
-0.04369864,,,
-0.007514173,,,
-0.053891715,,,
-0.09480656,,,
-0.06620556,,,
0.026607208,,,
-0.0071767108,,,
-0.028520893,,,
0.010361055,,,
0.056650776,,,
-0.08863441,,,
-0.056533974,,,
-0.054976344,,,
-0.07034634,,,
-0.018553672,,,
-0.08837234,,,
0.0848729,,,
-0.084584646,,,
0.023204185,,,
-0.029212892,,,
-0.03824376,,,
0.09544975,,,
-0.02796644,,,
0.08958741,,,
0.041333713,,,
-0.023490489,,,
0.011647567,,,
-0.03514085,,,
0.02971042,,,
0.017927207,,,
0.042974778,,,
0.041422315,,,
-0.019156478,,,
-0.021264493,,,
-0.037096657,,,
-0.0018560141,,,
-0.053389024,,,
0.005927585,,,
-0.0075287223,,,
0.059610046,,,
0.08291251,,,
0.08257664,,,
-0.03771602,,,
-0.012451433,,,
-0.06433139,,,
0.008613929,,,
-0.05533141,,,
-0.04942113,,,
0.04886531,,,
0.012753546,,,
-0.043348577,,,
0.04406891,,,
0.084974475,,,
0.09705319,,,
0.0626492,,,
0.028591879,,,
0.051351942,,,
0.042196877,,,
-0.07369627,,,
-0.06396903,,,
0.06289793,,,
0.08869254,,,
0.02079685,,,
-0.067234315,,,
0.022804037,,,
0.034334116,,,
-0.041986085,,,
-0.028813764,,,
0.0041753203,,,
0.0196471,,,
-0.031034313,,,
0.061250083,,,
0.0034033284,,,
0.019409224,,,
-0.08106576,,,
0.07576873,,,
-0.09780594,,,
-0.08087368,,,
-0.09298531,,,
0.005069934,,,
-0.08692902,,,
0.07058788,,,
-0.0546633,,,
0.0027217045,,,
-0.059953596,,,
0.02099055,,,
0.08065132,,,
-0.06614293,,,
-0.08781935,,,
-0.033109114,,,
0.08066868,,,
0.03665372,,,
-0.053752232,,,
-0.040656745,,,
0.008160569,,,
0.03667643,,,
0.07214435,,,
0.08253693,,,
-0.07583982,,,
0.079685695,,,
-0.029415444,,,
0.03822855,,,
0.052478887,,,
0.05337759,,,
-0.010285199,,,
-0.073935054,,,
0.08422717,,,
2.0160526E-4,,,
0.04137703,,,
-0.060082413,,,
0.064204775,,,
0.045378886,,,
0.04779374,,,
-0.03235431,,,
-0.02982777,,,
0.005616956,,,
0.08751229,,,
0.041931137,,,
-0.061479446,,,
0.049518015,,,
0.05073026,,,
0.039280467,,,
0.0011974663,,,
-0.039365146,,,
-0.013073279,,,
0.049862634,,,
-0.047364824,,,
-0.0654185,,,
-0.056457814,,,
0.07012703,,,
0.063485615,,,
0.014046774,,,
-0.062223677,,,
-0.078778245,,,
0.080235496,,,
0.037345525,,,
0.062179003,,,
0.027973859,,,
0.0041408497,,,
0.020012945,,,
0.039371777,,,
0.054945037,,,
-0.08443246,,,
-0.006550682,,,
0.055903673,,,
0.07793348,,,
-0.08500163,,,
0.04381839,,,
-0.08300264,,,
0.051863544,,,
-0.017844671,,,
-0.0018776151,,,
0.0730464,,,
-0.059298035,,,
-0.07007938,,,
-0.072446294,,,
0.028133422,,,
0.013405922,,,
0.049828686,,,
-0.06714964,,,
0.007896914,,,
0.035320822,,,
0.03570915,,,
0.05750734,,,
-0.05302621,,,
-0.061220493,,,
0.038512457,,,
-0.023928924,,,
-0.030973554,,,
0.025020463,,,
-0.019868745,,,
-0.076643474,,,
0.040223334,,,
-0.0944228,,,
-0.051577836,,,
0.07980531,,,
0.048478402,,,
0.049969096,,,
-0.050551098,,,
-0.0121905375,,,
-0.080972,,,
-0.025808346,,,
0.023868233,,,
0.038483422,,,
-0.053658474,,,
0.026877405,,,
0.084070176,,,
-0.0035280227,,,
0.08045986,,,
-0.05647085,,,
0.03125456,,,
0.0028822364,,,
0.037068658,,,
-0.07671369,,,
-0.09948978,,,
-0.052356455,,,
0.035706643,,,
0.0031990425,,,
-0.08850784,,,
-0.0026311597,,,
0.049830515,,,
0.07193253,,,
-0.099257916,,,
-0.082061656,,,
-0.035108965,,,
-0.022297233,,,
-0.045795664,,,
0.09167019,,,
0.08345505,,,
-0.016603988,,,
0.056273382,,,
-0.011463517,,,
-0.067515336,,,
0.037856065,,,
0.032321777,,,
-0.060175333,,,
-0.030743781,,,
-0.0677567,,,
0.08504748,,,
0.058542185,,,
-0.046092458,,,
0.066455655,,,
-0.065948695,,,
0.06254794,,,
0.06186933,,,
0.049212694,,,
0.055339724,,,
-0.057708856,,,
-0.0888616,,,
-0.08907264,,,
0.037631407,,,
0.06441968,,,
-0.061956804,,,
-0.06806744,,,
0.09354434,,,
0.051158946,,,
0.08178277,,,
-0.075397246,,,
0.07728108,,,
0.013145718,,,
0.068531886,,,
-0.09588238,,,
0.0034915344,,,
-0.06766736,,,
0.0680629,,,
-0.088400625,,,
-0.020351473,,,
-0.027256515,,,
0.030552972,,,
-0.002994907,,,
0.057400085,,,
0.008891358,,,
-0.008909284,,,
0.018700907,,,
0.05293409,,,
-0.10076162,,,
-0.056447476,,,
-0.09053053,,,
0.06668119,,,
-0.011296574,,,
-0.051461134,,,
0.09395774,,,
0.07253576,,,
0.0121155,,,
8.687824E-4,,,
0.0022381872,,,
0.096228175,,,
0.05837041,,,
-0.07259003,,,
-0.07569593,,,
0.09550569,,,
-0.04423404,,,
0.025617315,,,
0.035824854,,,
0.06162359,,,
0.05122125,,,
0.008207799,,,
-8.427521E-4,,,
-0.05353971,,,
-0.08296302,,,
0.057082485,,,
0.01812569,,,
-0.101482324,,,
-0.0022695458,,,
0.0013996277,,,
0.010775254,,,
-0.02389486,,,
0.034327526,,,
-0.041488513,,,
0.040258173,,,
-0.10284068,,,
-0.101714864,,,
0.016580936,,,
-0.016270118,,,
0.05985281,,,
0.049508978,,,
0.018559875,,,
-0.08594758,,,
0.04747069,,,
-0.058753483,,,
0.07780287,,,
-0.026895363,,,
0.033279914,,,
0.081677,,,
0.020966835,,,
-0.02932457,,,
-0.036266766,,,
-0.015925243,,,
-0.01865528,,,
-0.005640148,,,
-0.018424995,,,
-0.016758164,,,
-0.05268001,,,
0.019711109,,,
0.014142764,,,
0.058997802,,,
0.094758704,,,
-0.026346648,,,
-0.001915959,,,
0.02929045,,,
-0.10342898,,,
0.023497107,,,
0.025556939,,,
0.021947114,,,
0.027995372,,,
0.08241865,,,
-0.09286933,,,
0.030444788,,,
9.882294E-4,,,
8.63733E-4,,,
-0.0035608849,,,
-0.02650136,,,
0.07328197,,,
0.013035059,,,
0.0045280773,,,
0.018644042,,,
0.05651836,,,
0.03674393,,,
0.012001015,,,
-0.0049528596,,,
-0.085804425,,,
-0.0038094306,,,
0.02103824,,,
-0.042976007,,,
-0.1019658,,,
-0.050517704,,,
0.027558176,,,
0.020228127,,,
-0.079369776,,,
-0.0063688066,,,
0.020691916,,,
-0.066665135,,,
-0.028287381,,,
-0.057127684,,,
-0.036916118,,,
-0.06626254,,,
-0.08570765,,,
0.045642745,,,
-0.029077386,,,
-0.011987882,,,
0.043869995,,,
-0.054009948,,,
0.032593437,,,
0.03681547,,,
-0.0107442895,,,
-0.0043317834,,,
-0.007928504,,,
0.06281279,,,
0.025915885,,,
-0.035318412,,,
0.026601544,,,
0.04249887,,,
0.05388774,,,
0.080325015,,,
-0.036661383,,,
0.04782115,,,
0.010796436,,,
-0.0040536164,,,
-0.04497592,,,
-0.012875115,,,
-0.0044006417,,,
-0.07119443,,,
0.032121677,,,
-0.031569526,,,
0.0476094,,,
-0.018876864,,,
0.060942665,,,
0.012705989,,,
-0.073251896,,,
0.0714671,,,
0.048012692,,,
0.03357557,,,
-0.083458304,,,
0.095781185,,,
-0.06655177,,,
-0.017291846,,,
-0.04368826,,,
-0.021592459,,,
0.052479923,,,
0.07557293,,,
0.032301635,,,
-0.05629697,,,
0.040334288,,,
0.004184719,,,
-0.025222473,,,
0.037856907,,,
0.0011585049,,,
-0.03217314,,,
0.09417024,,,
0.029123364,,,
-0.049125995,,,
-0.089616545,,,
0.046865843,,,
-0.08890368,,,
0.066481575,,,
-0.03678692,,,
0.072560795,,,
0.06904076,,,
-0.083664715,,,
0.03362461,,,
-0.03365314,,,
-0.09090219,,,
0.0724201,,,
-0.06932084,,,
-0.09996819,,,
-0.04944187,,,
0.033508316,,,
-0.072992645,,,
-0.057562172,,,
-0.042824615,,,
0.05725484,,,
-0.025649088,,,
-0.032591123,,,
-0.011096014,,,
0.036671218,,,
-0.045951553,,,
0.05296372,,,
-0.031260367,,,
-0.09069402,,,
-0.081458166,,,
-0.046283297,,,
0.060744543,,,
-0.07457475,,,
-0.06849525,,,
0.04808024,,,
0.035799164,,,
-0.05119151,,,
0.02175716,,,
0.029703269,,,
0.08655852,,,
0.069797225,,,
0.059092853,,,
0.035647262,,,
-0.033879228,,,
0.020706937,,,
0.025828818,,,
-0.045502372,,,
-0.075941175,,,
0.013912061,,,
-0.026572743,,,
0.07333141,,,
-0.06150294,,,
0.06624077,,,
-0.09131399,,,
0.059934687,,,
0.097799666,,,
0.03679062,,,
-0.0016799766,,,
-0.07604749,,,
0.038546983,,,
-0.0063988823,,,
-0.002271352,,,
0.06799507,,,
0.034183383,,,
-0.068612084,,,
0.0088274125,,,
0.058696825,,,
-0.061501965,,,
-0.07542832,,,
-0.06177184,,,
-0.09306496,,,
-0.09469415,,,
-0.097253144,,,
-0.06069425,,,
-0.07966562,,,
0.03698303,,,
-0.07322487,,,
0.052716598,,,
-0.07103538,,,
0.082479894,,,
-0.08932698,,,
0.06426989,,,
0.012474615,,,
-0.057361607,,,
0.035180528,,,
0.035096943,,,
0.08591975,,,
-0.09374922,,,
0.026786633,,,
-0.039535344,,,
0.010478638,,,
0.09503109,,,
-0.006161593,,,
-0.0788721,,,
-0.04638634,,,
0.031547673,,,
0.018024325,,,
-0.08202896,,,
-0.036735013,,,
-0.04906235,,,
0.06672258,,,
0.051031403,,,
-0.028286912,,,
-0.01916802,,,
0.022555351,,,
-0.08927678,,,
-0.0073166713,,,
-0.06638157,,,
0.09969514,,,
0.098418824,,,
-0.093280375,,,
-0.05114583,,,
0.040835388,,,
0.058966823,,,
0.0863769,,,
0.04131476,,,
-0.049948204,,,
-0.022549972,,,
-0.062006712,,,
-0.058386352,,,
0.029384024,,,
0.0206756,,,
0.027856015,,,
0.042277,,,
0.043237753,,,
-0.039733756,,,
-0.08234443,,,
0.0038913116,,,
0.05514743,,,
-0.06586585,,,
0.0105522275,,,
-0.054626465,,,
-0.0353124,,,
0.037547477,,,
0.061400704,,,
-0.007919334,,,
0.045129485,,,
5.424768E-4,,,
0.04226572,,,
-0.07145468,,,
0.04969556,,,
0.037319668,,,
-0.009994015,,,
0.08288271,,,
-0.051026713,,,
-0.056657445,,,
0.06222891,,,
-0.068222985,,,
0.09534537,,,
0.08060669,,,
0.060268067,,,
-0.026538506,,,
0.021430504,,,
0.010067538,,,
-0.034921907,,,
0.07691873,,,
-0.01408878,,,
-0.0027519255,,,
0.09928559,,,
-0.07505517,,,
0.02717854,,,
0.09287729,,,
0.05435376,,,
-0.036385145,,,
-0.003218695,,,
-0.048815433,,,
-0.012536346,,,
0.028702678,,,
0.07215786,,,
-0.0644943,,,
0.03269593,,,
-0.09126545,,,
0.02181906,,,
-0.06827577,,,
0.023284862,,,
-0.06640051,,,
0.07369728,,,
0.067279644,,,
0.07676731,,,
-0.0538365,,,
-0.044767242,,,
-0.044183783,,,
0.046880767,,,
-0.037501503,,,
-0.004171943,,,
0.0588464,,,
0.041939184,,,
0.08439874,,,
-0.048598345,,,
-0.0039886995,,,
0.09957215,,,
0.06753798,,,
0.09685246,,,
-0.07024005,,,
-0.004816507,,,
-0.06856828,,,
0.08471338,,,
-1.0787277E-4,,,
-0.046918903,,,
0.026277501,,,
-0.03729075,,,
0.054409534,,,
0.084048696,,,
-0.06066351,,,
0.03637644,,,
0.09875044,,,
-0.04538195,,,
0.06451739,,,
0.033515364,,,
-0.088706374,,,
0.015751692,,,
-0.0041249404,,,
0.04641626,,,
0.017338326,,,
-0.09637958,,,
-0.092997625,,,
0.06755202,,,
0.098043576,,,
-0.0583456,,,
0.09513794,,,
0.08597568,,,
-0.01029535,,,
0.09919364,,,
-0.09766417,,,
-0.061990477,,,
-0.001349687,,,
-0.07762965,,,
-0.042228796,,,
0.029638108,,,
-0.034213003,,,
0.083615705,,,
-0.05119412,,,
0.098731026,,,
-0.07588258,,,
-0.019380502,,,
-0.06272567,,,
-0.06389052,,,
-0.056910086,,,
-0.06529446,,,
0.050937206,,,
0.031489994,,,
0.0815348,,,
0.043664232,,,
-0.049363233,,,
-0.017589377,,,
-0.08995746,,,
0.07229459,,,
0.086333625,,,
-0.07540361,,,
-0.08466537,,,
0.019158429,,,
-0.099175364,,,
-0.058877602,,,
0.08437518,,,
-0.035309594,,,
-0.08060824,,,
0.03789,,,
0.06905147,,,
0.05700227,,,
-0.08076908,,,
-0.0696942,,,
-0.033676013,,,
-0.029209098,,,
0.018997531,,,
-0.053150766,,,
-0.03989339,,,
-0.094730265,,,
-0.04481883,,,
-0.058913417,,,
0.05729894,,,
0.055704005,,,
-0.04895049,,,
0.0809236,,,
0.034962438,,,
-0.014524105,,,
-0.04634092,,,
0.07082619,,,
-0.07055626,,,
-0.08003526,,,
0.0037147987,,,
-0.0760342,,,
0.0643267,,,
-0.013998962,,,
-0.06953314,,,
0.01909269,,,
-0.019590039,,,
0.043671273,,,
0.07265136,,,
0.070430785,,,
-0.09688122,,,
-0.0033338002,,,
0.029992055,,,
-0.016041579,,,
0.057026267,,,
-0.0701832,,,
-0.102817826,,,
-0.08669789,,,
-0.048964042,,,
-0.10046285,,,
-0.024376325,,,
0.0106172385,,,
0.08890123,,,
0.0281916,,,
0.049511928,,,
-0.048901923,,,
0.032580733,,,
0.05869831,,,
-0.02811435,,,
-0.056010157,,,
-0.067812935,,,
-0.011330592,,,
-0.07487261,,,
-0.0670856,,,
-0.06810717,,,
-0.028389564,,,
0.0898643,,,
-0.022438185,,,
-0.08979281,,,
-0.050269786,,,
-0.050099716,,,
0.040299136,,,
-0.08808695,,,
-0.0392436,,,
-0.10083033,,,
-0.027874148,,,
-0.02315547,,,
0.07094155,,,
-0.09277779,,,
-0.0051379716,,,
-0.011267726,,,
-0.050150502,,,
-0.08142375,,,
-0.08767014,,,
0.071516074,,,
-0.10466324,,,
-0.025500786,,,
-0.068367206,,,
0.023030452,,,
0.055935964,,,
0.08202775,,,
-0.08068014,,,
0.04002328,,,
-0.08615769,,,
-0.082828805,,,
0.01112072,,,
0.050536025,,,
0.057535905,,,
0.05736602,,,
-0.015208345,,,
0.0885363,,,
0.02867292,,,
-0.043933522,,,
-0.10990178,,,
-0.012366863,,,
-0.065624066,,,
-0.03271903,,,
-0.08196022,,,
-0.06713226,,,
0.08334637,,,
0.008408202,,,
-0.07850213,,,
-0.10254436,,,
-0.001578654,,,
-0.046322428,,,
-0.10532605,,,
-0.07272001,,,
0.08572537,,,
0.080275126,,,
-0.08668709,,,
-0.048126236,,,
0.08046583,,,
-0.010356443,,,
-0.010621691,,,
0.032680698,,,
-0.1009096,,,
0.082180746,,,
0.043217957,,,
-0.023254836,,,
-0.0075711515,,,
-0.056368377,,,
-0.05932886,,,
-0.010223939,,,
0.028229618,,,
0.03096231,,,
0.08450044,,,
0.020273095,,,
0.021339538,,,
0.03673435,,,
0.04207032,,,
-0.071648665,,,
0.033497255,,,
0.024284286,,,
-0.10292418,,,
0.07233304,,,
-0.020212697,,,
0.024053056,,,
0.07452534,,,
0.026580216,,,
-0.09306898,,,
0.016727397,,,
-0.10575783,,,
0.0029309425,,,
-0.07211833,,,
0.08573975,,,
-0.044611942,,,
-0.0688547,,,
0.061299004,,,
-0.10578829,,,
0.0075403117,,,
0.0075013055,,,
-0.027789759,,,
-0.002857297,,,
0.049381226,,,
-0.082364574,,,
0.027814722,,,
-0.017317303,,,
0.056468945,,,
-0.017359285,,,
0.075291775,,,
-0.024158875,,,
0.084102705,,,
-0.07529071,,,
0.07418078,,,
-0.003078055,,,
0.028399877,,,
0.014792146,,,
-0.018887423,,,
0.07602938,,,
0.025066538,,,
-0.08177421,,,
-0.039142113,,,
-0.04259031,,,
-0.004624945,,,
0.062167708,,,
0.014318876,,,
-0.067777865,,,
-0.028255228,,,
0.07263515,,,
-0.069475174,,,
-0.08830148,,,
-0.005431408,,,
0.06318898,,,
0.008451056,,,
0.094361685,,,
0.04802159,,,
0.021573458,,,
-0.013378524,,,
-0.05682531,,,
0.025766833,,,
-0.0962598,,,
-0.03826119,,,
-0.08797977,,,
-0.08992892,,,
-0.041284196,,,
-0.037304748,,,
0.0068631247,,,
-0.048061296,,,
0.07497483,,,
0.031636015,,,
-0.08654003,,,
0.06570915,,,
-0.06588916,,,
0.028840706,,,
0.0025097143,,,
-0.093687855,,,
-0.0812996,,,
-0.027705465,,,
0.08513129,,,
0.036538552,,,
-0.017366063,,,
0.010353164,,,
0.021812607,,,
0.06643552,,,
0.01759876,,,
-0.036334045,,,
0.0686718,,,
-0.009976986,,,
0.011104683,,,
-0.033346146,,,
0.044501856,,,
0.090396844,,,
0.020064076,,,
0.096799195,,,
0.016702136,,,
-0.09472171,,,
0.08642816,,,
0.09741262,,,
-0.0553819,,,
-0.04053027,,,
-0.09548333,,,
0.019257883,,,
-0.056560438,,,
-0.02868037,,,
-0.049598984,,,
0.06869886,,,
0.06267723,,,
0.04856127,,,
0.09455413,,,
-0.020561116,,,
-0.033164274,,,
-0.081679806,,,
-0.071496986,,,
-0.07825526,,,
0.06307571,,,
0.07395361,,,
-0.007298763,,,
-0.02799288,,,
0.013369268,,,
0.09851562,,,
0.09199258,,,
-0.054439638,,,
0.03158453,,,
0.09032126,,,
0.007527316,,,
0.0055257045,,,
-0.022896852,,,
0.05901214,,,
0.081883535,,,
-0.019592045,,,
-0.08029536,,,
-0.07936971,,,
-0.09000735,,,
0.03226296,,,
-0.047572475,,,
-0.013129421,,,
0.020708052,,,
0.064071245,,,
-0.085764915,,,
-0.03972749,,,
-3.0343054E-4,,,
-0.044659395,,,
0.057657436,,,
0.013346446,,,
0.07847055,,,
-0.0023280787,,,
-0.051897835,,,
-0.09481152,,,
0.09777164,,,
-0.071771994,,,
0.042112425,,,
-0.03267501,,,
0.019480534,,,
-0.081503466,,,
0.08453142,,,
-0.06578369,,,
-0.014562833,,,
-0.029117946,,,
0.041737616,,,
0.018069662,,,
-0.028692624,,,
-0.024686482,,,
0.020019403,,,
0.088509925,,,
0.005676426,,,
0.023629487,,,
-0.023657463,,,
0.041855402,,,
-0.027497448,,,
0.0038876534,,,
-0.08037499,,,
-0.0074436665,,,
-0.08587005,,,
0.09404854,,,
-0.07474089,,,
0.025594793,,,
-0.06068032,,,
0.036721043,,,
-0.016794898,,,
0.07843336,,,
-0.078684725,,,
-0.047869336,,,
0.0016095489,,,
0.016115323,,,
-0.03627024,,,
-0.015534565,,,
-0.035474338,,,
0.09434395,,,
0.002895549,,,
0.08115987,,,
-0.043893278,,,
0.021226183,,,
-0.09498725,,,
0.08169789,,,
-0.082981005,,,
-0.094332084,,,
-0.028375832,,,
-0.09821847,,,
-0.015024931,,,
0.07403134,,,
0.069854416,,,
-0.097088546,,,
-0.07599154,,,
0.02961277,,,
-0.09767406,,,
0.052381754,,,
-0.00919043,,,
-0.017080454,,,
-0.0108056795,,,
-0.076656036,,,
0.08616038,,,
-0.016159402,,,
0.08040319,,,
-0.06898519,,,
0.05089963,,,
-0.092915736,,,
0.09483755,,,
-0.07548758,,,
-0.014759165,,,
-0.025014801,,,
-0.09526584,,,
-0.017564774,,,
0.08446797,,,
0.021071866,,,
0.074829444,,,
0.025764612,,,
0.02080053,,,
-0.09537571,,,
-0.08266646,,,
-0.05166572,,,
0.0783882,,,
-0.03831538,,,
0.043766547,,,
-0.039175607,,,
0.025153285,,,
-0.071495675,,,
-0.044790514,,,
0.089765154,,,
-0.06953554,,,
0.08679376,,,
0.0028061601,,,
0.012319376,,,
0.0021550043,,,
0.06859703,,,
-0.0764603,,,
0.037666142,,,
-2.03805E-4,,,
0.017840324,,,
-0.01637157,,,
-0.032710884,,,
-0.093622655,,,
0.049347863,,,
0.07554943,,,
0.031106118,,,
0.016249204,,,
0.08683681,,,
-0.027808828,,,
-0.036165778,,,
0.082299665,,,
0.002785179,,,
-0.0510433,,,
0.061480895,,,
0.09282042,,,
-0.037485197,,,
-0.011259601,,,
-0.04059523,,,
-0.084288895,,,
-0.021622598,,,
0.0613504,,,
0.058597915,,,
0.011775259,,,
0.09356578,,,
-0.032277368,,,
-0.02360203,,,
0.017295994,,,
0.06586247,,,
0.086833686,,,
-0.07625902,,,
-0.09284982,,,
0.07100507,,,
-0.08143999,,,
0.042209357,,,
0.049166434,,,
0.06540858,,,
-0.037541416,,,
-0.053351652,,,
-0.042910993,,,
-0.011461373,,,
0.08727866,,,
0.09853997,,,
-0.057400424,,,
0.0910848,,,
-0.060069475,,,
-0.07564358,,,
-0.083490156,,,
-0.040716145,,,
0.02510596,,,
-0.002817115,,,
0.09729518,,,
0.07832499,,,
-0.09346148,,,
-0.055137314,,,
0.06485808,,,
-0.07301717,,,
0.09166647,,,
0.016669268,,,
0.06908244,,,
-0.030684615,,,
0.0043657166,,,
0.08847029,,,
0.038923055,,,
0.021266751,,,
0.038914062,,,
0.021936739,,,
-0.06473115,,,
0.021508126,,,
0.07708106,,,
0.0656863,,,
0.0055662333,,,
0.063298665,,,
-0.0499717,,,
-0.09072602,,,
-0.0697,,,
0.020118266,,,
-0.094381385,,,
7.612033E-4,,,
0.015115646,,,
0.013397257,,,
0.029298965,,,
0.06558243,,,
0.06993212,,,
-0.06319483,,,
-0.0959473,,,
0.061459478,,,
-0.010120547,,,
0.024030115,,,
0.0021928162,,,
-0.06244764,,,
-0.04321195,,,
0.05494417,,,
0.07304968,,,
-0.07277324,,,
0.087618776,,,
-0.099199824,,,
-0.011895886,,,
0.056144353,,,
-0.0493139,,,
0.0153152235,,,
-0.021113735,,,
-0.10025634,,,
0.016871484,,,
0.06749403,,,
0.01281611,,,
-0.10493287,,,
0.009519871,,,
-0.11885887,,,
-0.11355902,,,
0.05824139,,,
0.07128471,,,
-0.07308808,,,
-0.06720439,,,
-0.036915254,,,
-0.0050588814,,,
-0.0062305517,,,
0.054454703,,,
-0.0072060027,,,
-0.097657084,,,
-0.08216255,,,
0.03802241,,,
-0.016448952,,,
-0.050084434,,,
0.04546157,,,
-0.023228796,,,
-0.04808185,,,
-0.04492938,,,
-0.0798421,,,
-0.022050716,,,
-0.111268125,,,
-0.068000406,,,
0.060807467,,,
-0.063573316,,,
-0.11138402,,,
-0.047460075,,,
-0.09047377,,,
0.07659013,,,
-0.06681419,,,
-0.02675737,,,
-0.12334948,,,
0.027180035,,,
-0.086823486,,,
0.03092064,,,
-0.09582437,,,
0.076476455,,,
0.03949344,,,
-0.07593344,,,
-0.04516492,,,
-0.06808311,,,
-0.016934251,,,
0.0068782773,,,
-0.06081832,,,
-0.06777032,,,
-0.05851174,,,
-0.1091479,,,
-0.08404357,,,
0.04947735,,,
-0.11191549,,,
-0.011169582,,,
-0.078543454,,,
-0.027894037,,,
0.06491987,,,
-0.035414428,,,
-0.02972794,,,
-0.037328083,,,
0.057692934,,,
0.008522302,,,
-0.04533917,,,
-0.045273136,,,
-0.05227945,,,
-0.016569717,,,
-0.106871165,,,
-0.029048901,,,
-0.095071845,,,
0.06434736,,,
0.032760475,,,
-0.042914353,,,
-0.0971432,,,
-0.0940034,,,
0.053624537,,,
-0.0992363,,,
-0.104763746,,,
-0.08197613,,,
-0.031731166,,,
-0.013213189,,,
0.009906613,,,
-0.095345624,,,
0.04907474,,,
0.018736599,,,
-0.05316826,,,
-0.012885297,,,
-0.09345775,,,
-0.10603733,,,
-0.062677406,,,
-0.07820138,,,
0.013669156,,,
-0.0620721,,,
-0.1148582,,,
0.042766027,,,
0.03798202,,,
-0.116905354,,,
0.0058567114,,,
-0.034396943,,,
0.054877806,,,
0.043118443,,,
-0.0128899785,,,
-0.07904239,,,
0.06420719,,,
-0.0026712657,,,
-0.083677314,,,
0.06349192,,,
-0.079679854,,,
0.05418911,,,
-0.015405697,,,
-0.1028417,,,
-0.09617264,,,
0.032046806,,,
-0.072191656,,,
-0.015948176,,,
0.024572121,,,
-0.042375263,,,
-0.03181362,,,
0.03711165,,,
-0.105274975,,,
-0.08261482,,,
-0.088286325,,,
0.00782324,,,
0.023983423,,,
-0.10909643,,,
0.029505363,,,
-0.043848556,,,
0.016694678,,,
-0.047051273,,,
-0.10778888,,,
-0.079123996,,,
-0.02178207,,,
-0.0685345,,,
-0.04587431,,,
0.0062345974,,,
-0.00629257,,,
-0.0809011,,,
0.07051737,,,
-0.05350102,,,
-0.034907684,,,
-0.014601174,,,
0.052027967,,,
-0.07567543,,,
-0.049709022,,,
0.07915472,,,
0.03501151,,,
-0.017784707,,,
-0.045169957,,,
0.025285605,,,
-0.05371034,,,
-0.045437414,,,
0.054023325,,,
0.019734459,,,
-0.04510754,,,
0.035502493,,,
-0.10132374,,,
-0.013116052,,,
-0.08072021,,,
-0.01704214,,,
0.029637668,,,
-0.08535008,,,
-0.09085278,,,
-0.07732594,,,
0.020028912,,,
-0.0030812495,,,
0.08620223,,,
0.07703165,,,
-0.043314178,,,
-0.03159744,,,
-0.092495374,,,
0.045478977,,,
0.011845498,,,
-0.09913265,,,
0.04492625,,,
-0.07084013,,,
0.06758691,,,
-0.02497443,,,
0.047035895,,,
-0.08110541,,,
0.07952611,,,
0.068588324,,,
0.032061063,,,
-0.048750512,,,
-0.013049356,,,
0.022159064,,,
-0.050333433,,,
-0.07910878,,,
-0.03391089,,,
0.08465665,,,
-0.010041512,,,
-0.019985618,,,
-0.05058463,,,
-0.0014780277,,,
0.024243966,,,
0.053198826,,,
0.037150573,,,
0.08627814,,,
-0.063697495,,,
0.033274602,,,
-0.067409985,,,
-0.086137384,,,
-0.0538093,,,
0.0012771252,,,
0.028032329,,,
-0.052696396,,,
-0.005161466,,,
0.051648155,,,
0.047541495,,,
-0.06481925,,,
-0.022837829,,,
0.07668055,,,
-0.09328147,,,
-0.038183138,,,
-0.086671636,,,
0.087315224,,,
0.0782838,,,
0.060169715,,,
0.03528127,,,
-0.088591896,,,
-0.07630357,,,
-0.03531518,,,
-0.039415434,,,
-0.016274843,,,
-0.088439,,,
0.096336365,,,
0.0043090857,,,
-0.014361895,,,
-0.072896875,,,
-0.07090838,,,
-0.07556155,,,
-0.06456911,,,
-0.038819145,,,
-0.091790706,,,
-0.031889718,,,
-0.02947736,,,
0.08837409,,,
0.07250581,,,
0.03262675,,,
0.02511328,,,
-0.08244447,,,
0.084649175,,,
-0.08221687,,,
-0.009472209,,,
-0.020862097,,,
-0.0010591906,,,
0.062029928,,,
-0.030961044,,,
-0.0013138669,,,
-0.034519028,,,
0.050800707,,,
0.026133575,,,
0.03840166,,,
-0.05604509,,,
-0.0055937204,,,
-0.053788822,,,
0.016236577,,,
-0.02475533,,,
0.0631144,,,
-0.09569079,,,
0.057310544,,,
0.050997518,,,
0.06769214,,,
-0.08348979,,,
-0.044856355,,,
-0.08482349,,,
0.036395013,,,
0.06744383,,,
0.042145707,,,
-0.08474368,,,
-0.07053876,,,
-0.004385261,,,
-0.030401323,,,
0.075036936,,,
-0.019676324,,,
0.030697556,,,
-0.005144015,,,
0.044490434,,,
-0.036406793,,,
0.0046769157,,,
0.056887917,,,
0.060819812,,,
-0.041861083,,,
0.019888781,,,
-0.086519636,,,
-0.033021726,,,
0.056326844,,,
-0.03467361,,,
-0.08831836,,,
0.028609194,,,
-0.07799294,,,
0.079541914,,,
0.09510065,,,
0.08542422,,,
-0.06894915,,,
-0.09214735,,,
0.021505475,,,
-1.546964E-4,,,
-0.049168553,,,
-0.023357593,,,
0.005415179,,,
0.022652887,,,
0.0954814,,,
0.08311983,,,
-0.076099776,,,
0.09567406,,,
-0.0992898,,,
0.089818425,,,
-0.031086793,,,
-0.06565232,,,
0.017557235,,,
-0.07490682,,,
-0.0862975,,,
0.073177055,,,
-0.046017043,,,
-0.02969923,,,
-0.07097583,,,
0.07442776,,,
-0.025441317,,,
0.097633466,,,
-0.037623614,,,
0.072202325,,,
-0.015866634,,,
-0.01149548,,,
-0.07099118,,,
-0.010092961,,,
-0.09566849,,,
0.07711266,,,
-0.00892563,,,
-0.0115376245,,,
0.041295767,,,
0.03861013,,,
-0.026598783,,,
0.095836036,,,
-0.07119233,,,
-0.027476504,,,
-0.0744268,,,
-0.022245387,,,
0.0076549035,,,
0.06418915,,,
-0.05840904,,,
0.03311178,,,
0.016242003,,,
0.064054854,,,
-0.047089405,,,
0.06440654,,,
-0.029241344,,,
-0.012060151,,,
0.05213156,,,
-0.048343804,,,
-0.09639552,,,
0.055808324,,,
-0.099800795,,,
0.08153045,,,
-0.07652869,,,
0.08407227,,,
-0.012972324,,,
0.06821892,,,
-0.09329072,,,
0.07632135,,,
0.05590446,,,
-0.00538058,,,
5.633727E-4,,,
-0.09096923,,,
0.052973364,,,
-0.034380928,,,
0.01685556,,,
0.04191071,,,
0.07444034,,,
0.090357155,,,
0.05661936,,,
0.03413316,,,
-0.069927186,,,
0.04484535,,,
-0.10110173,,,
-0.1009426,,,
0.009560416,,,
0.07780407,,,
0.065216586,,,
-0.05140715,,,
-0.08414518,,,
0.055733744,,,
0.08786297,,,
0.09182548,,,
0.05655392,,,
-0.029075224,,,
-0.012907458,,,
-0.08934359,,,
0.049731053,,,
-0.10368123,,,
0.015875712,,,
0.0011374496,,,
0.014360772,,,
-0.08784337,,,
0.05610946,,,
0.090742834,,,
0.014620965,,,
-0.0025770254,,,
0.08927367,,,
-0.07230051,,,
-0.013658678,,,
-0.07162893,,,
0.027174441,,,
0.04219944,,,
0.030098265,,,
-0.02080976,,,
0.08215953,,,
-0.047913443,,,
-0.043409295,,,
0.002202391,,,
7.5800053E-4,,,
-0.048178423,,,
0.06957276,,,
0.02448679,,,
0.029597443,,,
-0.031774085,,,
0.078930974,,,
-0.08514754,,,
-0.086564794,,,
0.071135394,,,
0.06286227,,,
0.051873837,,,
-0.07282623,,,
-0.04274747,,,
0.023152484,,,
-0.02390332,,,
-0.01462526,,,
0.04253963,,,
0.06650939,,,
0.028296255,,,
0.02352905,,,
0.023814995,,,
-0.11039606,,,
-0.10887627,,,
-0.016128268,,,
-0.026468186,,,
-0.03746555,,,
-0.025833292,,,
0.07216631,,,
-0.04794259,,,
0.04910168,,,
-0.042702712,,,
-0.08427949,,,
0.003029813,,,
-0.09420592,,,
0.06523434,,,
-0.04347018,,,
-0.08570988,,,
0.03463679,,,
-0.08819555,,,
-0.039564233,,,
-0.05479884,,,
0.04169182,,,
-0.04087471,,,
-0.06345199,,,
-0.05496907,,,
-0.041145604,,,
-0.10869219,,,
0.05938309,,,
-0.04054495,,,
-0.044789307,,,
-0.068771295,,,
-0.001213342,,,
0.02375906,,,
-0.041821696,,,
-0.043063104,,,
-0.098703176,,,
0.032685623,,,
-0.044515897,,,
-0.12822907,,,
0.041080777,,,
-0.043585893,,,
-0.08033817,,,
-0.12122211,,,
-0.030640459,,,
0.012457036,,,
-0.056525372,,,
0.015934167,,,
-0.11783856,,,
-0.13269427,,,
-0.014940777,,,
-0.11361597,,,
-0.050672304,,,
0.042901278,,,
-0.040975425,,,
-0.09226575,,,
-0.05515179,,,
-0.057553574,,,
0.07090818,,,
0.009641563,,,
0.027696477,,,
-0.08850651,,,
-0.13949938,,,
-0.10060328,,,
-0.10740699,,,
-0.021304114,,,
-0.047854275,,,
-0.062985644,,,
-0.054956794,,,
-0.09354163,,,
-0.120762676,,,
0.03158141,,,
-0.10947641,,,
-0.061976165,,,
-0.06402341,,,
0.040711697,,,
-0.09684707,,,
0.012507232,,,
-0.012493439,,,
-0.009213226,,,
-0.0174541,,,
-0.11013887,,,
-0.055039972,,,
0.034972988,,,
0.019634886,,,
-0.07985835,,,
-0.048992973,,,
0.0122691775,,,
-0.0021751937,,,
-0.08246368,,,
-0.12123162,,,
-0.083701976,,,
-0.13553412,,,
-0.12124858,,,
-0.1569772,,,
-0.019795902,,,
-0.14041896,,,
0.012491617,,,
-0.067144126,,,
0.044004153,,,
-0.06025859,,,
-0.04940567,,,
-0.075182475,,,
-0.061024126,,,
-0.11641157,,,
-0.08228257,,,
0.028127823,,,
-0.012539501,,,
-0.040725645,,,
-0.07850673,,,
-0.13977918,,,
-0.09356315,,,
-0.034220055,,,
-0.105066575,,,
-0.05567734,,,
-0.07612896,,,
0.02063567,,,
-0.06950497,,,
-0.112212956,,,
-0.044207714,,,
0.036569636,,,
0.01041468,,,
-0.07088717,,,
0.026112407,,,
-0.108550884,,,
-0.055066828,,,
-0.12068141,,,
-0.09346929,,,
-0.093669094,,,
-0.038607124,,,
-0.13164034,,,
0.023464562,,,
-0.119653374,,,
0.027430616,,,
-0.093906954,,,
0.004879879,,,
-0.057651814,,,
-0.03694195,,,
0.031079343,,,
-0.03125824,,,
-0.115310654,,,
-0.10808608,,,
-0.019905409,,,
-0.041386243,,,
-0.081094354,,,
-0.08335586,,,
0.02175284,,,
-0.013812364,,,
-0.04341625,,,
-0.09001227,,,
0.038424566,,,
0.004464334,,,
-0.027677344,,,
0.07638913,,,
-0.017809656,,,
-0.004833518,,,
-0.1069297,,,
-0.054464623,,,
0.02386461,,,
-0.029042086,,,
0.05737023,,,
0.017124511,,,
-0.13055238,,,
-0.024452029,,,
-0.040487785,,,
-0.01721685,,,
-0.080443844,,,
-0.048678648,,,
-0.06717677,,,
-0.04594651,,,
-0.06861962,,,
-1.7017528E-4,,,
-0.054791205,,,
-0.003846341,,,
-0.064700074,,,
0.027738381,,,
-0.009235622,,,
-0.117908955,,,
-0.0674257,,,
0.0058801007,,,
0.06740953,,,
-0.061076645,,,
-0.038243495,,,
0.08439526,,,
0.002575251,,,
-0.012839265,,,
-0.08391551,,,
-0.056372214,,,
0.06330105,,,
-0.08069246,,,
0.0030353633,,,
0.05849859,,,
-0.032440316,,,
-0.042178266,,,
-0.016426343,,,
-0.0010310573,,,
-0.05801377,,,
-0.00508255,,,
0.07932877,,,
0.08541785,,,
0.035941243,,,
-0.0070022433,,,
0.041054532,,,
0.03007637,,,
0.049597617,,,
-0.032057635,,,
-0.082214445,,,
0.034908924,,,
-0.035689067,,,
0.00358962,,,
0.050826505,,,
0.03256553,,,
0.079922475,,,
0.037179943,,,
0.086952835,,,
-0.039727792,,,
0.06620167,,,
-0.10147493,,,
0.014195806,,,
-0.08846847,,,
-0.10360216,,,
0.041446406,,,
-0.070581324,,,
0.06324639,,,
0.07236267,,,
0.012402924,,,
0.033094525,,,
-0.08834314,,,
0.078242354,,,
-0.037884902,,,
-0.030988634,,,
0.08889221,,,
0.09470026,,,
0.015691264,,,
0.047393925,,,
-0.033234276,,,
0.008492831,,,
0.030492898,,,
-0.054579593,,,
-0.027318208,,,
0.023582436,,,
0.035940025,,,
-0.043430366,,,
0.03224883,,,
0.02171531,,,
-0.06402674,,,
0.073694915,,,
-0.028346546,,,
0.0938524,,,
0.09771147,,,
-0.009142608,,,
-0.047237772,,,
0.07862121,,,
0.09051687,,,
0.044438474,,,
0.06395634,,,
0.014037464,,,
0.030402249,,,
-0.03575784,,,
-0.041741572,,,
0.06879729,,,
-0.042519584,,,
-0.06595685,,,
0.059727233,,,
0.0091690365,,,
0.016510231,,,
0.0140734725,,,
-0.024295516,,,
-0.08642817,,,
-0.049208812,,,
-0.062429935,,,
-0.06891601,,,
0.038840715,,,
0.09035668,,,
-0.02235339,,,
-0.015218349,,,
-0.044502206,,,
-0.04898985,,,
0.0637655,,,
-0.09319376,,,
-0.009422568,,,
-0.04512059,,,
-0.0041746623,,,
-0.019624889,,,
-0.042432424,,,
0.011042808,,,
-0.049570315,,,
-0.086455144,,,
-0.008665576,,,
0.085403964,,,
0.018129498,,,
0.014582657,,,
-0.014088597,,,
0.068180434,,,
-0.072290264,,,
-0.07681799,,,
-0.06736724,,,
0.051965244,,,
0.03382296,,,
0.0034883395,,,
-0.09728863,,,
0.028219245,,,
-0.052072704,,,
-0.01159744,,,
0.029976584,,,
-0.03677988,,,
0.023225471,,,
-0.08556972,,,
-0.07442741,,,
-0.07495739,,,
-0.05910621,,,
0.07117015,,,
0.0594428,,,
0.09567973,,,
-0.058962934,,,
0.09029524,,,
0.03448832,,,
0.04990435,,,
0.08131537,,,
-0.03578005,,,
-0.024813637,,,
0.039897684,,,
0.049825016,,,
-0.022293525,,,
0.071705475,,,
-0.043198094,,,
-0.004129789,,,
0.0855815,,,
-0.06470036,,,
-0.09711485,,,
0.04068389,,,
0.021668402,,,
0.006523872,,,
0.09757182,,,
0.0830061,,,
0.08660768,,,
-0.058405377,,,
0.042702965,,,
0.0015663119,,,
-0.034689464,,,
0.018404964,,,
-0.0821001,,,
0.068746805,,,
0.054341875,,,
-0.06734847,,,
0.07855155,,,
0.02292317,,,
0.049249522,,,
-0.011547688,,,
-0.0467793,,,
0.08421933,,,
0.015220409,,,
0.062331308,,,
-0.07878087,,,
0.0683687,,,
0.047088288,,,
0.08601157,,,
0.006154098,,,
-0.095670044,,,
0.04410532,,,
0.039246857,,,
0.09527765,,,
0.07644725,,,
0.08592073,,,
-0.018891796,,,
0.052980196,,,
-0.019090362,,,
-0.0178075,,,
0.012199829,,,
0.09299385,,,
-0.08396699,,,
0.016323784,,,
0.033814672,,,
-0.060361024,,,
0.03248255,,,
-0.09286826,,,
-0.062793374,,,
0.08537548,,,
-0.040904727,,,
0.050658338,,,
-0.055155672,,,
-0.057281997,,,
0.025055468,,,
-0.007030454,,,
0.08798719,,,
0.041875485,,,
-0.08480844,,,
6.015388E-4,,,
-0.07315858,,,
-0.03365014,,,
0.015635438,,,
0.053121477,,,
-0.06508906,,,
-0.014816359,,,
-0.08069025,,,
-0.086647846,,,
0.03432691,,,
-0.0014285884,,,
-0.034381222,,,
-0.021158088,,,
0.051359188,,,
0.032482944,,,
-0.053018183,,,
-0.05899318,,,
0.07509579,,,
0.034236316,,,
0.07807991,,,
0.022614375,,,
-0.014442405,,,
-0.07601667,,,
0.03281845,,,
0.03819853,,,
0.085628785,,,
-0.033175375,,,
-0.08476156,,,
0.062199228,,,
-0.007923491,,,
-0.04082333,,,
-0.02581764,,,
-0.03786296,,,
0.015437201,,,
0.001649796,,,
-0.08178453,,,
-0.05371467,,,
0.073600665,,,
5.4531345E-5,,,
-0.031429224,,,
0.076752745,,,
-0.052186046,,,
-0.07327292,,,
-0.02866095,,,
-0.056203824,,,
-0.08096386,,,
-0.0031747627,,,
0.017393619,,,
0.008338428,,,
-0.0454269,,,
0.016894419,,,
-0.04754755,,,
0.025444819,,,
-0.101324484,,,
0.034958243,,,
0.044324722,,,
-0.099873304,,,
-0.09681844,,,
-0.07060863,,,
0.062897995,,,
0.07032314,,,
0.03496879,,,
-0.031984657,,,
0.021397153,,,
-0.035998084,,,
-0.056019153,,,
0.043441538,,,
-0.10388229,,,
0.019714205,,,
0.041454542,,,
-0.054877684,,,
-0.11119395,,,
-0.0770916,,,
-0.123820014,,,
0.018776767,,,
-0.050494622,,,
-0.101038,,,
-0.096214324,,,
-0.007028656,,,
-0.048639953,,,
-0.06699664,,,
-0.09225516,,,
-0.037325654,,,
0.024542637,,,
-0.030828025,,,
0.046194978,,,
0.020599712,,,
0.06727933,,,
0.019459285,,,
-0.029995346,,,
-0.016474688,,,
-0.053697925,,,
0.00877473,,,
-0.03872217,,,
0.03671147,,,
-0.09562281,,,
-0.0016246599,,,
-0.11376487,,,
-0.07103162,,,
-0.07243905,,,
0.051054303,,,
-0.10444393,,,
0.06491268,,,
-0.102845006,,,
-0.12189998,,,
-0.0702547,,,
0.05171605,,,
0.014518093,,,
-0.116513595,,,
-0.10806072,,,
0.02540126,,,
-0.11587919,,,
0.043074425,,,
-0.07694707,,,
-0.084097885,,,
-0.00512889,,,
-0.10041624,,,
0.014008397,,,
-0.028791431,,,
-0.09692204,,,
-0.112568155,,,
-0.028908342,,,
-0.020274198,,,
-0.12544857,,,
0.009881961,,,
0.010294047,,,
-0.1546705,,,
-0.07856107,,,
0.044764623,,,
-0.13758285,,,
0.023639154,,,
-0.05485863,,,
-0.032272328,,,
-0.014749777,,,
-0.020989874,,,
0.03175412,,,
-0.09405835,,,
-0.12644197,,,
0.035774063,,,
-0.12332412,,,
0.01286497,,,
-0.13641134,,,
-0.004365178,,,
-0.12493342,,,
-0.08178432,,,
-0.022789484,,,
-0.022413941,,,
-0.06742322,,,
-0.024830844,,,
0.0045027668,,,
-0.086875364,,,
-0.018210674,,,
-0.09144574,,,
-0.1244385,,,
0.03372211,,,
0.00756328,,,
-0.019324595,,,
-0.095857225,,,
-0.09900674,,,
-0.10077296,,,
0.028983833,,,
-0.0072768508,,,
-0.110269114,,,
-0.149388,,,
-0.08245659,,,
-0.04217736,,,
-0.058337267,,,
-0.12770925,,,
-0.03410848,,,
-0.016826753,,,
0.015455622,,,
-0.14810967,,,
-0.001986081,,,
-0.04002881,,,
-0.05010667,,,
-0.17405045,,,
-0.041144785,,,
-0.07522074,,,
-0.16935231,,,
-0.12933502,,,
-0.02244777,,,
-0.14713827,,,
0.040449537,,,
-0.09167299,,,
0.047197238,,,
-0.08371035,,,
0.043954622,,,
-0.017564632,,,
-0.06057316,,,
0.03445431,,,
-0.014337067,,,
-0.057192195,,,
-0.07139858,,,
0.0034406958,,,
-0.019026779,,,
-0.075226605,,,
-0.07008632,,,
-0.002140765,,,
0.005518191,,,
-0.035294056,,,
-0.005553797,,,
-0.0062534916,,,
0.012557373,,,
-0.07563209,,,
0.039701752,,,
-0.14514679,,,
0.018465005,,,
-0.08634098,,,
-0.026783822,,,
0.016440146,,,
-0.01194509,,,
-0.118136436,,,
-0.1315264,,,
-0.053588983,,,
-0.096846655,,,
0.040869642,,,
0.062001716,,,
-0.085381456,,,
0.020639641,,,
-0.15889466,,,
0.0010873757,,,
0.031489577,,,
-0.03479237,,,
0.017800085,,,
-0.02536035,,,
0.026134526,,,
7.021822E-4,,,
0.011563815,,,
-0.062455337,,,
-0.1162138,,,
-0.09170635,,,
-0.0077443924,,,
-0.11984545,,,
0.016487,,,
-0.08141525,,,
-0.018488033,,,
0.032469984,,,
-0.07120394,,,
-0.11931527,,,
-0.049050856,,,
-0.072719686,,,
-0.12507816,,,
-0.07471854,,,
-0.0041460833,,,
0.0143025415,,,
0.0142384,,,
-0.07302248,,,
0.020080764,,,
-0.059777163,,,
0.060823888,,,
0.075352624,,,
-0.021120446,,,
-0.09690145,,,
-0.0055662687,,,
0.014099225,,,
-0.11378554,,,
0.07061785,,,
-0.03637187,,,
-0.111819826,,,
-0.021085694,,,
-0.08996999,,,
-0.09099303,,,
0.02416845,,,
0.032884866,,,
-0.058927983,,,
0.025322312,,,
0.07441814,,,
-0.0979402,,,
-0.08934402,,,
-0.026278403,,,
0.041732192,,,
-0.07921393,,,
-0.054039694,,,
0.015144731,,,
-0.0874013,,,
0.0131272245,,,
-0.0665958,,,
0.041825682,,,
-0.046410378,,,
0.026885683,,,
-0.010178262,,,
0.06823748,,,
0.08421704,,,
0.045857944,,,
-0.075339615,,,
0.05556091,,,
0.08728768,,,
-0.10364864,,,
-0.096022725,,,
-0.011855921,,,
-0.10705676,,,
-0.098620825,,,
-0.08950814,,,
0.014474481,,,
-0.05745005,,,
-0.091111474,,,
-0.08510671,,,
0.055719562,,,
-0.07750691,,,
0.08662364,,,
-0.090621315,,,
0.059334654,,,
0.011316527,,,
0.03729869,,,
0.048279278,,,
-0.032020483,,,
0.002284036,,,
0.08311028,,,
-0.016265359,,,
-0.010011003,,,
-0.08226426,,,
0.02152926,,,
-0.01613688,,,
0.085273124,,,
0.058231354,,,
0.073970966,,,
-0.008661767,,,
0.01170703,,,
0.08064207,,,
0.09354036,,,
0.02252153,,,
-0.0999385,,,
-0.08907993,,,
0.07049817,,,
-0.019145597,,,
-0.075331785,,,
0.010742318,,,
0.089094654,,,
-0.022025337,,,
-0.09076172,,,
0.0574919,,,
-0.007076524,,,
-0.01272191,,,
-0.066448756,,,
-0.014446094,,,
-0.07356974,,,
-0.08257712,,,
0.0886072,,,
0.04601986,,,
-0.019514456,,,
-0.012008529,,,
0.024639249,,,
0.037317444,,,
-0.056942042,,,
0.018269634,,,
0.0010644147,,,
0.024581894,,,
0.06917659,,,
-0.054250672,,,
0.088226974,,,
0.017792664,,,
-0.07258017,,,
0.026292631,,,
0.028872944,,,
-0.030347789,,,
-0.03526928,,,
0.010650271,,,
-0.09151584,,,
0.08934396,,,
0.039718423,,,
-0.009409871,,,
0.056778997,,,
0.044859927,,,
0.0389455,,,
-0.08693344,,,
-0.005370917,,,
0.07571494,,,
-0.096087925,,,
0.015399191,,,
-0.010283723,,,
8.281789E-4,,,
-0.011871853,,,
0.059458453,,,
0.0104433475,,,
0.033199925,,,
0.035802793,,,
0.06735483,,,
-0.023535736,,,
0.08228095,,,
0.061139118,,,
-0.015294995,,,
-0.034415666,,,
0.014237536,,,
-0.07810168,,,
-0.066156976,,,
0.018606752,,,
0.06396401,,,
0.058593925,,,
0.04585208,,,
0.007322007,,,
-0.044649865,,,
-0.064963065,,,
0.0747213,,,
0.023222331,,,
0.03673947,,,
6.4367504E-4,,,
-0.046789944,,,
-0.020222258,,,
-0.092055514,,,
0.046048366,,,
-0.063298434,,,
0.08932594,,,
-0.0072702914,,,
0.057237886,,,
-0.07779577,,,
0.099293076,,,
0.04625254,,,
-0.031712096,,,
-0.09793902,,,
-0.09812422,,,
-0.08597068,,,
0.056098152,,,
-0.08810758,,,
-0.057677098,,,
0.04163778,,,
-0.036412183,,,
0.04306292,,,
-0.039424784,,,
-0.03283595,,,
-0.030175561,,,
-0.048537508,,,
0.026924899,,,
0.06425718,,,
0.020555872,,,
0.0012673424,,,
-0.04806728,,,
-0.08774857,,,
-0.0419371,,,
0.024512263,,,
0.041352563,,,
0.095169544,,,
-0.06969392,,,
-0.09840577,,,
-0.035014264,,,
0.013115229,,,
-0.02892997,,,
0.042332705,,,
-0.043290805,,,
-0.028891005,,,
0.06866895,,,
0.07498362,,,
-0.09924603,,,
0.07958637,,,
0.014155506,,,
-0.0782813,,,
-0.041551355,,,
0.040058315,,,
-0.07247699,,,
-0.013571587,,,
-0.0010062862,,,
-0.056081165,,,
0.06200015,,,
-0.06640647,,,
0.016330628,,,
-0.021209614,,,
-0.058264874,,,
-0.101480484,,,
0.069537945,,,
0.046608165,,,
-0.074519254,,,
0.033096902,,,
-0.062190432,,,
-0.089174636,,,
-0.032741297,,,
-0.103725925,,,
0.03189887,,,
-0.028661836,,,
0.011164118,,,
0.06480743,,,
-0.08590746,,,
-0.0993294,,,
-0.03165395,,,
0.07529079,,,
-0.020842228,,,
-0.013507619,,,
-0.048789386,,,
0.01729963,,,
-0.02675355,,,
0.07106344,,,
-0.06400894,,,
0.078589454,,,
-0.09570146,,,
0.06692414,,,
-2.5065284E-4,,,
0.018068297,,,
-0.07761074,,,
-0.050346874,,,
-0.07388129,,,
-0.02247503,,,
-0.054259755,,,
0.00910799,,,
0.050642814,,,
-0.10319714,,,
0.021116372,,,
0.04281332,,,
0.01517307,,,
-0.044114567,,,
0.034482576,,,
0.0021237112,,,
0.021797452,,,
0.0626341,,,
-0.045296814,,,
-0.026196118,,,
-0.048983872,,,
-0.044578508,,,
-0.08659115,,,
0.038512237,,,
-0.13051222,,,
-0.04197831,,,
-0.007878387,,,
0.0061887833,,,
-0.038116135,,,
0.06543227,,,
-0.09483779,,,
0.040487126,,,
-0.05909199,,,
-0.00817276,,,
-0.075619295,,,
-0.033185117,,,
-0.07428621,,,
-0.020836387,,,
0.022752864,,,
-0.11840098,,,
-0.100054644,,,
-0.065692134,,,
-0.069633864,,,
-0.05405578,,,
-0.009014959,,,
-0.103178285,,,
0.047246758,,,
-0.0800662,,,
-0.04931217,,,
-0.11978856,,,
0.012692949,,,
-0.051555168,,,
-0.09498775,,,
-0.09686337,,,
-0.14517497,,,
0.03761674,,,
-0.005064093,,,
0.021222387,,,
0.039836235,,,
-0.14825234,,,
-0.15193106,,,
-0.05750223,,,
-0.11040128,,,
-0.0038495006,,,
-0.14885063,,,
-0.13872398,,,
-0.06865678,,,
-0.03588558,,,
0.0020723885,,,
0.004179755,,,
-0.05712845,,,
-0.1333118,,,
-0.13579792,,,
-0.05572512,,,
-0.13015324,,,
-0.15314426,,,
-0.08336749,,,
-0.051145453,,,
-0.106861465,,,
-0.1114156,,,
-0.022172634,,,
-0.15146294,,,
-0.09545793,,,
-0.024674008,,,
-0.013703149,,,
-0.11159439,,,
0.0033531475,,,
-0.05078543,,,
-0.18628332,,,
-0.07714507,,,
-0.0051467945,,,
-0.03422569,,,
-0.15978517,,,
-0.032968882,,,
-0.15038133,,,
-0.008861456,,,
-0.1042228,,,
-0.012924436,,,
-0.034310754,,,
-0.10363257,,,
-0.0929766,,,
-0.09078272,,,
-0.025686653,,,
-0.036766667,,,
-0.12793969,,,
-0.13854012,,,
-0.1783561,,,
-0.05857934,,,
-0.0028286583,,,
-0.10928752,,,
-0.14435215,,,
-0.11218711,,,
-0.21158305,,,
-0.12838463,,,
-0.01517755,,,
-0.12714292,,,
-0.089374155,,,
-0.09641772,,,
0.005877045,,,
0.005956665,,,
-0.13392554,,,
-0.08225542,,,
-0.03702029,,,
-0.001024462,,,
-0.18408293,,,
2.5009888E-4,,,
-0.076114886,,,
-0.0626754,,,
-0.026070464,,,
0.011535505,,,
-0.08037339,,,
-0.06422612,,,
-0.12777352,,,
-0.10887032,,,
0.00756598,,,
-0.016532473,,,
-0.124623135,,,
-0.13780229,,,
-0.09552209,,,
-0.04851365,,,
-0.02697079,,,
-0.10994452,,,
-0.13870257,,,
-0.013305629,,,
-0.022882447,,,
-0.11360195,,,
0.01819393,,,
0.017994042,,,
-0.112930484,,,
0.029892359,,,
-0.01873137,,,
-0.07890913,,,
-0.056578092,,,
-0.12533218,,,
-0.108300455,,,
-0.09898306,,,
-0.032185555,,,
-0.01059987,,,
-0.120535016,,,
-0.035858903,,,
-0.13934723,,,
-0.027419724,,,
-0.033520654,,,
-0.013894688,,,
-0.04385292,,,
-0.011048203,,,
-0.156604,,,
-0.10328944,,,
-0.018281456,,,
-0.09102455,,,
-0.12620826,,,
-0.074428394,,,
0.0038512507,,,
-0.02534066,,,
-0.12547283,,,
-0.011020896,,,
-0.028691936,,,
-0.019599995,,,
-0.013729186,,,
-0.036271077,,,
0.013437471,,,
-0.09354959,,,
-0.12082393,,,
-0.054778513,,,
0.009323297,,,
-0.028007923,,,
-0.0539019,,,
-0.059479807,,,
-0.041765578,,,
-0.041850816,,,
-0.08434566,,,
-0.13363233,,,
-0.09317512,,,
-0.019528057,,,
-0.01352202,,,
-0.0943464,,,
-0.093822844,,,
0.011498914,,,
0.03665267,,,
-0.04784023,,,
-0.015883239,,,
-0.07215096,,,
0.0054944977,,,
0.023355853,,,
-0.10848611,,,
0.061781634,,,
-0.01749694,,,
-0.08392146,,,
-0.061386783,,,
-0.04006916,,,
-0.094186224,,,
0.0091699315,,,
-0.003947946,,,
0.002657174,,,
-0.11676728,,,
-0.03198482,,,
-0.10064457,,,
-0.10591125,,,
-0.042600483,,,
-0.08527856,,,
-0.016132224,,,
-0.015380639,,,
0.009654249,,,
-0.081748284,,,
0.009157493,,,
-0.0076981476,,,
0.017179498,,,
5.326476E-4,,,
-0.085129105,,,
-0.07863691,,,
-0.08113545,,,
0.067770265,,,
0.07254595,,,
-0.05532361,,,
-0.09154288,,,
0.06220627,,,
0.037233043,,,
0.028118895,,,
-0.023906937,,,
-0.016005551,,,
0.036360044,,,
0.04733749,,,
0.013305617,,,
-0.026197381,,,
0.0022308845,,,
-0.08343096,,,
0.011683388,,,
-0.10499734,,,
-0.019499443,,,
0.06672094,,,
-0.014246186,,,
0.0082964515,,,
-0.08591879,,,
-0.09112159,,,
-0.015668126,,,
0.029360518,,,
-0.061085712,,,
-0.059657708,,,
-0.022756845,,,
-0.050905842,,,
0.06483172,,,
-0.04400607,,,
-0.060776517,,,
-0.09668903,,,
0.07954822,,,
-0.018828243,,,
-0.10366232,,,
0.0029849906,,,
-0.02959149,,,
-0.06107573,,,
-0.033990383,,,
-0.00828461,,,
0.027971633,,,
-0.0539041,,,
-0.039874885,,,
-0.072290696,,,
-0.09618219,,,
-0.028630074,,,
0.07260128,,,
-0.051372595,,,
0.09184473,,,
0.09059865,,,
-0.03038524,,,
-0.03933381,,,
-0.03616126,,,
-0.013498637,,,
0.07393609,,,
-0.033383045,,,
0.07134048,,,
0.07005911,,,
-0.044738214,,,
0.08894741,,,
-0.06233981,,,
-0.002188959,,,
-0.08936788,,,
-0.0654551,,,
0.08088539,,,
0.0767785,,,
-0.089966394,,,
-0.077221975,,,
-0.022989867,,,
0.0914792,,,
0.08908959,,,
0.09759215,,,
-0.02747532,,,
0.0039522056,,,
0.09067206,,,
0.017970594,,,
0.07533386,,,
0.09938106,,,
-4.5576622E-4,,,
0.060183253,,,
0.08951933,,,
0.09267931,,,
-0.095927484,,,
0.038046874,,,
-0.055885956,,,
0.059712,,,
0.00532928,,,
0.09036846,,,
0.07432598,,,
0.05758358,,,
-0.07159211,,,
-0.09134819,,,
0.055770233,,,
-0.070593424,,,
0.039554015,,,
0.08221926,,,
-0.030571423,,,
-0.03335484,,,
-0.0056690318,,,
-0.06618635,,,
0.020296386,,,
0.01154244,,,
0.015642531,,,
0.084830806,,,
-0.07100208,,,
-0.0030941665,,,
-0.0016644833,,,
-0.070519015,,,
-0.085409254,,,
0.0193533,,,
0.014755264,,,
0.039085638,,,
0.07085157,,,
0.07295808,,,
0.071617395,,,
-0.012022105,,,
0.076103054,,,
-0.098712586,,,
-0.036063243,,,
0.058860105,,,
0.04254864,,,
-0.02294162,,,
-0.04662922,,,
-0.003168075,,,
0.09465634,,,
-0.051756505,,,
0.048421618,,,
-0.05536829,,,
-0.07366804,,,
-0.015715009,,,
0.098572396,,,
0.07458411,,,
0.062323228,,,
0.084688365,,,
-0.012711584,,,
-0.0019334664,,,
-0.057656188,,,
0.0051460727,,,
-0.023892803,,,
0.04670224,,,
-0.03735808,,,
-0.010494645,,,
-0.074407786,,,
0.004334913,,,
-0.09823154,,,
0.06525101,,,
0.019681701,,,
-0.0030276573,,,
0.031357214,,,
0.056651503,,,
-0.0830467,,,
-0.090883054,,,
-0.033482518,,,
0.015887134,,,
-0.08237323,,,
-0.05516733,,,
-0.056728255,,,
0.08125741,,,
0.075658,,,
-0.043423317,,,
0.038612176,,,
0.01535376,,,
0.06305539,,,
0.07346034,,,
0.051407713,,,
-0.07031558,,,
0.055481773,,,
0.0035898965,,,
0.02949479,,,
-0.10205789,,,
-0.09744776,,,
0.02837612,,,
-0.062942885,,,
0.020467404,,,
0.06341983,,,
-0.004479417,,,
-0.034024615,,,
0.023671474,,,
-0.0061798305,,,
-0.0049446826,,,
-0.0954243,,,
0.07797932,,,
0.002825352,,,
0.03474147,,,
0.06049666,,,
0.052569393,,,
-0.020303732,,,
-0.082015306,,,
-0.06842955,,,
0.02419423,,,
0.07819269,,,
-0.023627408,,,
0.0040648184,,,
0.04287345,,,
-0.07831677,,,
-0.084218994,,,
-0.09662184,,,
0.018480306,,,
0.0468126,,,
0.011036805,,,
-0.130275,,,
-0.07475536,,,
0.05503165,,,
-0.10669102,,,
-0.027221818,,,
0.06069247,,,
-0.029769383,,,
0.0601189,,,
0.040703304,,,
-0.054089986,,,
-0.07501487,,,
-3.1287802E-4,,,
0.020064482,,,
0.052292634,,,
-0.108945206,,,
-0.028454587,,,
0.039398223,,,
-0.009684953,,,
-0.014746515,,,
-0.023194073,,,
-0.090071164,,,
-0.0024321978,,,
0.024611434,,,
9.197092E-4,,,
0.005242245,,,
-0.028356228,,,
-0.0024217938,,,
-0.111223266,,,
-0.035835348,,,
0.04142708,,,
-0.0618315,,,
-0.05226565,,,
-0.1072161,,,
-0.07587687,,,
-0.040424492,,,
-0.08858494,,,
-0.029320817,,,
0.053917278,,,
-0.08112242,,,
-0.077048734,,,
0.0059373267,,,
-0.078276895,,,
-0.13077316,,,
-5.289036E-4,,,
-0.11210998,,,
-0.067105494,,,
-7.32893E-4,,,
-0.11274733,,,
-0.16166687,,,
-0.04728081,,,
-0.035477445,,,
-0.12618504,,,
-0.109253,,,
-0.07800972,,,
-0.036360238,,,
-0.09919196,,,
-0.13043053,,,
0.023051824,,,
-0.08794646,,,
0.02950731,,,
-0.12932196,,,
-0.08489055,,,
-0.05037153,,,
-0.022051381,,,
-0.15541647,,,
0.009985514,,,
-0.048077647,,,
0.020822346,,,
-0.050004084,,,
-0.0604889,,,
-0.035613507,,,
-0.10581225,,,
-0.14924836,,,
0.010615084,,,
-0.004523298,,,
-0.1280803,,,
-0.034337495,,,
-0.072629236,,,
-0.10963368,,,
-0.1545766,,,
-0.15138274,,,
-0.0039848173,,,
-0.0044269376,,,
0.007160127,,,
-0.057986844,,,
-0.02047906,,,
-0.10247291,,,
-0.15723994,,,
-0.05320878,,,
0.03478234,,,
-0.015268898,,,
-0.17904681,,,
-0.15006956,,,
-0.10376277,,,
-0.15061755,,,
-0.048563052,,,
-0.057868343,,,
-0.13916127,,,
-0.029551651,,,
-0.1475402,,,
-0.07894573,,,
-0.06683413,,,
-0.14950389,,,
-0.03132484,,,
-0.116997026,,,
-0.13775714,,,
-0.16123109,,,
-0.010338303,,,
-0.04214902,,,
-0.09294485,,,
-0.10887897,,,
-0.020548511,,,
-0.1648938,,,
-0.09481949,,,
-0.06439967,,,
0.022107823,,,
-0.14708652,,,
-0.057708554,,,
-0.07989585,,,
-0.0024969026,,,
-0.105143875,,,
-0.11609187,,,
-0.069618575,,,
-0.11595389,,,
-0.15606979,,,
-5.20909E-5,,,
-0.05605569,,,
-0.17903166,,,
-0.048667777,,,
-0.062682025,,,
-0.14643615,,,
0.013409504,,,
-0.06244111,,,
-0.011089054,,,
-0.18517435,,,
-0.16206872,,,
-0.10663187,,,
-0.107503705,,,
-0.15761949,,,
-0.046971653,,,
-0.042129528,,,
-0.09103044,,,
-0.08191441,,,
-0.14308071,,,
-0.032986253,,,
-0.045260444,,,
-0.07503966,,,
-0.04300098,,,
0.0070597436,,,
-0.12624158,,,
-0.05227392,,,
-0.05973984,,,
-0.17540707,,,
0.019768791,,,
-0.07001675,,,
-0.19861014,,,
-0.12152713,,,
-0.09256601,,,
-0.06727013,,,
-0.13178188,,,
-0.17428918,,,
-0.093745634,,,
-0.11844805,,,
-0.14160319,,,
-0.13593778,,,
-0.10633216,,,
-0.12159394,,,
-0.0051915455,,,
-0.08331555,,,
-0.088859975,,,
-0.17556629,,,
-0.031380456,,,
-0.10842088,,,
0.002067751,,,
-0.06468321,,,
-0.0636766,,,
-0.07022939,,,
-0.09694425,,,
1.6094322E-4,,,
-0.096782304,,,
-0.12894765,,,
-0.036084242,,,
-0.026739595,,,
-0.1584064,,,
-0.072150774,,,
0.03549336,,,
-0.13100764,,,
-0.15591474,,,
-0.15765123,,,
-0.06977291,,,
-0.18468146,,,
-0.03523393,,,
-0.11957044,,,
-0.07003906,,,
-0.11690884,,,
-0.07337413,,,
-0.028824495,,,
-0.028786516,,,
-0.14021012,,,
-0.029477565,,,
-0.036276005,,,
-0.08935176,,,
-0.031497024,,,
-0.08221888,,,
-0.14527148,,,
-0.1195185,,,
-0.010896233,,,
-0.09713453,,,
-0.061435405,,,
-0.07753235,,,
-0.12851344,,,
-0.025629792,,,
-0.0786132,,,
0.0056690513,,,
0.047176674,,,
0.018497748,,,
-0.10713638,,,
0.02130134,,,
-0.07151953,,,
-0.14565876,,,
-0.04706587,,,
-0.07587851,,,
-0.12965712,,,
0.0020593877,,,
-0.11017389,,,
-0.031927276,,,
0.06680056,,,
-0.025978327,,,
0.02868162,,,
-4.612942E-4,,,
-0.019024301,,,
-0.09740477,,,
-0.13404277,,,
-0.064911485,,,
0.06316916,,,
-0.09072044,,,
-0.10488379,,,
-0.0118211,,,
-0.09686479,,,
-0.08723932,,,
-0.008078623,,,
0.0017218535,,,
-0.1002978,,,
-0.06533589,,,
-0.09608317,,,
-0.10970868,,,
-0.010807037,,,
-0.10066,,,
0.045057498,,,
-0.10684661,,,
-0.121887214,,,
0.04260563,,,
-0.065622136,,,
0.01104082,,,
-0.114571564,,,
0.0068951803,,,
-0.046444487,,,
0.025194135,,,
0.074568674,,,
-0.036966026,,,
-0.027245758,,,
-0.090798646,,,
-0.102634236,,,
0.027271355,,,
-0.10343219,,,
0.043056436,,,
0.07168911,,,
-0.06537871,,,
-0.10648268,,,
0.020594772,,,
-0.07366455,,,
0.015568382,,,
-0.044608593,,,
-0.049779814,,,
0.005258953,,,
0.057241887,,,
-0.017659603,,,
0.053977877,,,
-0.10128873,,,
-0.068369344,,,
-0.107024826,,,
-0.077368245,,,
-0.018862726,,,
-0.010773205,,,
0.005078479,,,
-0.08389945,,,
0.07867589,,,
-0.08164596,,,
-0.03882484,,,
-0.00933408,,,
0.047331054,,,
0.053820543,,,
-0.054343306,,,
0.02615272,,,
-0.08643087,,,
-0.074798636,,,
-0.09437603,,,
0.05185656,,,
0.0049518086,,,
0.039931044,,,
-0.0024107783,,,
-0.036264695,,,
-0.095455,,,
0.062126536,,,
0.018707633,,,
-0.0053324318,,,
-0.07602409,,,
-0.02462547,,,
0.05089501,,,
-0.0046202373,,,
-0.05799602,,,
0.09453569,,,
0.0037610584,,,
-0.04105977,,,
0.030142784,,,
-0.08304722,,,
-0.033072714,,,
0.081630774,,,
0.09916831,,,
-0.059588704,,,
-0.098324165,,,
-0.05186477,,,
-0.030533614,,,
0.07226075,,,
0.096756086,,,
-0.011492095,,,
-0.04691917,,,
0.020299342,,,
0.039964464,,,
-0.012524952,,,
-0.086521946,,,
0.095213756,,,
0.025232207,,,
0.038272858,,,
-0.055749282,,,
-0.092116356,,,
0.09756769,,,
-0.06075162,,,
0.07687006,,,
0.098283,,,
0.06544003,,,
-0.052828956,,,
-0.093078986,,,
-0.08026692,,,
0.04964767,,,
-0.09950973,,,
-0.07241315,,,
0.0929328,,,
-0.03494735,,,
-0.059735697,,,
0.008245053,,,
-0.03567967,,,
-0.01760536,,,
-0.089131966,,,
0.074940845,,,
0.0060646413,,,
0.093252696,,,
-0.05411204,,,
-0.053580828,,,
0.059994154,,,
-0.06812027,,,
-0.067502454,,,
-0.08039442,,,
-0.07137226,,,
0.018423337,,,
0.023769272,,,
-0.04214621,,,
-0.02396669,,,
0.092462055,,,
-0.006040756,,,
-0.07559369,,,
-0.08904906,,,
-0.04228051,,,
-0.07336094,,,
0.061408136,,,
-0.049308192,,,
-0.053523708,,,
0.00951751,,,
-7.791938E-4,,,
0.011796696,,,
0.05927975,,,
0.029240277,,,
0.0077355914,,,
-0.025416771,,,
0.041671503,,,
0.055387132,,,
-0.03720704,,,
0.012889794,,,
0.04283981,,,
-0.054396823,,,
-0.032477662,,,
0.0688666,,,
5.564045E-4,,,
0.09489348,,,
0.010401976,,,
0.081003144,,,
0.03457455,,,
0.08113981,,,
-0.023776904,,,
0.008617177,,,
